{
  "kmeans": {
    "n_clusters": 6,
    "inertia": 8069.187859270163
  },
  "supervised": {
    "accuracy": 0.9953972868217055,
    "confusion_matrix": [
      [
        332,
        1,
        0,
        3,
        1,
        0
      ],
      [
        1,
        826,
        0,
        0,
        0,
        2
      ],
      [
        0,
        2,
        110,
        0,
        0,
        0
      ],
      [
        1,
        0,
        0,
        956,
        5,
        0
      ],
      [
        0,
        0,
        0,
        2,
        512,
        0
      ],
      [
        0,
        1,
        0,
        0,
        0,
        1373
      ]
    ],
    "classification_report": {
      "0": {
        "precision": 0.9940119760479041,
        "recall": 0.9851632047477745,
        "f1-score": 0.9895678092399404,
        "support": 337.0
      },
      "1": {
        "precision": 0.9951807228915662,
        "recall": 0.9963811821471653,
        "f1-score": 0.9957805907172996,
        "support": 829.0
      },
      "2": {
        "precision": 1.0,
        "recall": 0.9821428571428571,
        "f1-score": 0.990990990990991,
        "support": 112.0
      },
      "3": {
        "precision": 0.9947970863683663,
        "recall": 0.9937629937629938,
        "f1-score": 0.9942797711908476,
        "support": 962.0
      },
      "4": {
        "precision": 0.9884169884169884,
        "recall": 0.9961089494163424,
        "f1-score": 0.9922480620155039,
        "support": 514.0
      },
      "5": {
        "precision": 0.9985454545454545,
        "recall": 0.9992721979621543,
        "f1-score": 0.9989086940705711,
        "support": 1374.0
      },
      "accuracy": 0.9953972868217055,
      "macro avg": {
        "precision": 0.9951587047117133,
        "recall": 0.9921385641965479,
        "f1-score": 0.9936293197041922,
        "support": 4128.0
      },
      "weighted avg": {
        "precision": 0.9954044183341587,
        "recall": 0.9953972868217055,
        "f1-score": 0.9953950198217104,
        "support": 4128.0
      }
    }
  }
}